record_id,first_name,last_name,gender,date_of_birth,street,street_number,city,county,ssn,phone_number,email
1,Joseph,Woods,M,1956-02-16,Parks Plains,88901,Lisahaven,Oklahoma,076-49-1877,4444811095,josephw@protonmail.com
2,Denise,Ellis,F,1979-10-18,Fischer Divide,899,Port Michaelland,Oregon,797-91-0261,9076590105,denisee@yahoo.com
3,Bryan,Woods,F,1970-08-08,Hernandez Underpass,8092,Jeffreyville,Iowa,746-15-5596,3071830237,bryan.woods@hotmail.com
4,Nathan,Orr,F,1971-07-22,David Way,18466,North Nathan,Alabama,807-26-9227,7404942839,orr.nathan@gmail.com
5,Benjamin,Houston,M,1959-12-09,Simmons Square,619,Rodriguezton,Utah,372-60-4139,4688865192,benjaminh@outlook.com
6,Maria,Lee,M,1955-01-20,Denise Oval,2246,Mcdonaldberg,New Mexico,593-01-7681,5245547789,marial@protonmail.com
7,Christopher,Cox,M,1992-11-01,Timothy Corners,1380,Garyfort,Washington,150-24-8968,7748719341,christopher.cox@yahoo.com
8,Justin,Weaver,F,1942-01-10,Joe Manor,7233,Tylerfort,Michigan,751-86-8759,9976334664,justinweaver@outlook.com
9,Patrick,King,F,1950-05-27,Lisa Squares,9868,Sextonmouth,Hawaii,423-49-4135,3427548524,patrickking@outlook.com
10,Jessica,Blair,F,1981-12-26,Rachel Ridges,76409,Port Ianhaven,Louisiana,777-64-4253,8201777365,jessicab@gmail.com
11,Brooke,Nelson,M,1952-09-03,Gonzalez Springs,82492,Lewisburgh,Florida,338-81-4168,3621667171,bnelson@outlook.com
12,Robert,Rojas,F,1963-07-04,Stafford Valleys,59915,Thomasstad,Wisconsin,877-29-5285,9447464280,robertr@gmail.com
13,Phillip,Jimenez,F,1958-09-06,Martinez Greens,0919,West Kelly,Vermont,648-25-1492,5713821453,phillipj@outlook.com
14,Alexa,Castro,M,1950-12-26,Garcia Summit,290,Tylerhaven,Maine,194-58-8261,3399295954,alexa.castro@protonmail.com
15,Adrian,Baker,F,1989-01-10,Bowen Motorway,338,Lake Jasmineborough,Alaska,874-55-2919,0760131197,abaker@outlook.com
16,Victor,Bond,F,1958-04-09,Long Cliffs,7689,New Samuel,Idaho,713-53-3670,6864221541,victorb@protonmail.com
17,Elizabeth,Nelson,F,1960-10-08,Brenda Expressway,790,Leefort,Michigan,155-68-4413,0204063954,enelson@gmail.com
18,Javier,Jackson,M,1953-07-05,Trevino Circle,401,Deanside,Michigan,790-80-3730,6912760536,javierjackson@protonmail.com
19,Christopher,Nelson,M,2003-09-29,Michael Inlet,774,East James,Massachusetts,014-81-8709,1844104895,christophern@outlook.com
20,Victoria,Warren,F,1977-05-08,Adams Camp,7751,Braunburgh,Delaware,611-11-7390,5961633105,vwarren@outlook.com
21,Sara,Sparks,F,1966-08-04,Jamie Stream,7919,South Glenn,New Jersey,409-54-0072,3462442496,saras@hotmail.com
22,Kimberly,Garcia,M,1961-01-15,Stevens Hill,69056,West Carol,Illinois,330-12-9838,0293730153,kimberlyg@gmail.com
23,Katie,Payne,M,1973-01-26,Mahoney Oval,885,Anthonyview,Nevada,183-36-5542,1510075154,katiepayne@hotmail.com
24,Kelly,Newman,M,1969-05-05,Abbott Turnpike,491,Port Darren,Kansas,377-76-9421,4134779750,kelly.newman@hotmail.com
25,Latasha,Smith,M,1988-04-17,Robinson Meadows,9158,West Amy,Alaska,370-47-9679,6957705127,latashasmith@yahoo.com
26,Sarah,Ryan,F,1986-06-09,Torres Knolls,2567,Jeffreyside,Illinois,245-08-8266,2287766665,sarahr@protonmail.com
27,Justin,Hamilton,M,1949-11-19,Thompson Wells,48418,Jaredland,New Hampshire,642-86-2934,6592249475,justinhamilton@yahoo.com
28,Laura,Mcgee,F,1963-12-11,Lee Dam,6219,New Michellefort,Colorado,289-87-0574,8427269961,lauram@hotmail.com
29,Molly,Suarez,F,1959-05-06,Hamilton Mill,291,East Elizabethport,Michigan,367-07-7229,6377691247,mollys@protonmail.com
30,Holly,Braun,M,1976-04-22,Scott Causeway,3786,South Michelle,Colorado,594-20-2588,5476520129,hbraun@hotmail.com
31,Yvonne,Harris,M,1949-08-20,Victoria View,74089,New Craig,Wisconsin,098-68-9581,8514630064,yharris@gmail.com
32,Kristin,Arnold,F,2007-05-30,April Terrace,3028,Leonardhaven,Louisiana,268-42-4531,3575697525,kristina@gmail.com
33,Jennifer,Whitehead,M,1987-07-22,Jennifer Summit,111,Ramirezview,Minnesota,045-63-4525,5290752747,jwhitehead@gmail.com
34,Susan,Hill,M,1995-01-30,James Villages,41547,Christophertown,New Hampshire,440-93-9839,9905910350,susanh@protonmail.com
35,Corey,Rojas,M,1949-09-25,Barry Bypass,824,Williamstad,Delaware,200-35-1168,1204293202,rojas.corey@protonmail.com
36,Frances,Ferguson,F,2003-06-25,Shah Rapids,63743,Lake Allison,Minnesota,408-78-7086,8043776944,frances.ferguson@hotmail.com
37,Virginia,Arnold,M,1974-04-06,Rachel Rue,92559,South Mark,New York,114-46-8539,2454905900,arnold.virginia@gmail.com
38,Jose,Wells,M,2003-11-01,Mercedes Center,11585,Michelleville,Indiana,068-14-1136,3280299473,jose.wells@gmail.com
39,Michael,Reynolds,M,1984-12-03,Bernard Square,231,Port Jacqueline,Wisconsin,813-32-4174,9107035605,michaelr@protonmail.com
40,Natalie,Stuart,F,1938-09-12,Schmidt Junctions,91484,Longtown,Nebraska,630-31-9354,0217498915,stuart.natalie@hotmail.com
41,Allen,Patel,M,1961-06-20,Nicholas Views,1103,Mooreshire,California,562-83-1181,0541148931,patel.allen@gmail.com
42,Natalie,Oliver,F,1992-05-09,Young Club,5517,Christophermouth,Kansas,803-02-3242,2403653913,natalie.oliver@outlook.com
43,Maria,Bowman,M,1990-05-30,Lutz Junctions,765,South Michael,Oklahoma,620-10-6994,8313210597,mariabowman@hotmail.com
44,Paul,Jenkins,M,1985-10-21,Martinez Forge,129,Berrybury,Tennessee,436-55-7514,0494748896,paul.jenkins@yahoo.com
45,Jenna,Ward,M,1960-08-11,Kevin Union,19051,Carpenterchester,Michigan,545-04-5897,7647728653,jward@hotmail.com
46,Steven,Baker,F,1948-12-05,Silva Falls,2005,Samanthafurt,Rhode Island,350-14-9587,6948748095,baker.steven@protonmail.com
47,Raymond,Bell,F,2007-07-10,Melinda Highway,441,West Miguel,Alabama,530-98-9292,1200659479,raymond.bell@yahoo.com
48,Kimberly,Walker,M,1939-10-22,Weaver Falls,7410,Aprilmouth,North Dakota,668-98-7349,6020394733,kimberlyw@yahoo.com
49,John,Martinez,M,2001-11-02,Matthew Views,40263,Stephanietown,Missouri,542-59-3816,3994880301,jmartinez@outlook.com
50,Michael,Collins,M,2005-05-08,Williams Knoll,4452,West Greg,North Carolina,134-41-0565,9665919329,michaelc@hotmail.com
